"","ID","Description","GeneRatio","BgRatio","pvalue","p.adjust","qvalue","geneID","Count"
"GO:0005730","GO:0005730","nucleolus","8/21","204/10614",2.66626404679212e-09,6.6656601169803e-08,4.77120934689116e-08,"Rbm13/kz/Nle/Non3/CG18600/U3-55K/mbm/Mat89Ba",8
"GO:0044452","GO:0044452","nucleolar part","3/21","50/10614",0.000123243718104451,0.00308109295261128,0.00110270695146088,"CG18600/U3-55K/Mat89Ba",3
"GO:0030684","GO:0030684","preribosome","3/21","69/10614",0.000321582003013201,0.00803955007533002,0.00191820843902611,"Rbm13/U3-55K/Mat89Ba",3
