"","ID","Description","GeneRatio","BgRatio","pvalue","p.adjust","qvalue","geneID","Count"
"GO:0042254","GO:0042254","ribosome biogenesis","7/22","198/11267",6.3499249286981e-08,1.83512830439375e-05,1.46382479935251e-05,"kz/Mtr4/Nle/Non3/U3-55K/mbm/Mat89Ba",7
"GO:0022613","GO:0022613","ribonucleoprotein complex biogenesis","7/22","282/11267",7.05815040867821e-07,0.0002039805468108,8.13544705000278e-05,"kz/Mtr4/Nle/Non3/U3-55K/mbm/Mat89Ba",7
"GO:0006364","GO:0006364","rRNA processing","5/22","125/11267",3.51147838444493e-06,0.00101481725310459,0.000269829391646821,"kz/Mtr4/Non3/U3-55K/Mat89Ba",5
"GO:0034470","GO:0034470","ncRNA processing","6/22","241/11267",5.03826398639213e-06,0.00145605829206733,0.000290363108689441,"CG31381/kz/Mtr4/Non3/U3-55K/Mat89Ba",6
"GO:0016072","GO:0016072","rRNA metabolic process","5/22","142/11267",6.5659486771485e-06,0.00189755916769592,0.000302724791641162,"kz/Mtr4/Non3/U3-55K/Mat89Ba",5
"GO:0034660","GO:0034660","ncRNA metabolic process","6/22","320/11267",2.54355340506094e-05,0.0073508693406261,0.000977259992470781,"CG31381/kz/Mtr4/Non3/U3-55K/Mat89Ba",6
