"","ID","Description","GeneRatio","BgRatio","pvalue","p.adjust","qvalue","geneID","Count"
"GO:0005730","GO:0005730","nucleolus","33/57","204/10614",8.08751221499864e-43,4.36725659609927e-41,3.66066342363096e-41,"mod/Fib/peng/Rtc1/nop5/l(1)G0004/CG5033/NHP2/CG1785/CG8939/Aatf/CG13097/Mys45A/CG12325/CG8545/CG4554/CG15019/CG10576/CG12301/Tsr1/Nopp140/CG9799/Surf6/Nop56/CG12499/CG5728/CG7006/CG1542/CG13773/CG32409/Nop60B/nclb/pit",33
"GO:0030684","GO:0030684","preribosome","19/57","69/10614",9.89456171286802e-29,5.34306332494873e-27,2.23929554554381e-27,"Fib/ppan/Nnp-1/nop5/CG5033/CG8939/CG13097/CG12325/CG4554/CG12301/CG7728/Tsr1/CG9799/Nop56/CG5728/CG7006/RIOK2/CG1542/CG32409",19
"GO:0044452","GO:0044452","nucleolar part","10/57","50/10614",7.57850376278296e-14,4.0923920319028e-12,1.14342337473567e-12,"Fib/nop5/CG5033/NHP2/CG13097/CG12325/CG9799/Nop56/CG13773/Nop60B",10
"GO:0032040","GO:0032040","small-subunit processome","9/57","35/10614",1.21655151331538e-13,6.56937817190305e-12,1.37662408085688e-12,"Fib/nop5/CG13097/CG12325/CG4554/CG12301/CG9799/Nop56/CG5728",9
"GO:0030687","GO:0030687","preribosome, large subunit precursor","7/57","19/10614",4.21851360170565e-12,2.27799734492105e-10,3.81886494470196e-11,"ppan/Nnp-1/CG5033/CG8939/CG7006/CG1542/CG32409",7
"GO:0005732","GO:0005732","small nucleolar ribonucleoprotein complex","6/57","20/10614",6.69445358001689e-10,3.61500493320912e-08,5.05020182352152e-09,"Fib/nop5/NHP2/CG13097/Nop56/Nop60B",6
"GO:0030686","GO:0030686","90S preribosome","6/57","27/10614",4.96689642728743e-09,2.68212407073521e-07,3.21167738907308e-08,"CG5033/CG13097/CG12325/CG4554/CG7728/CG9799",6
"GO:0030688","GO:0030688","preribosome, small subunit precursor","3/57","10/10614",1.71582563952237e-05,0.000926545845342081,9.70796085519237e-05,"Nnp-1/Tsr1/RIOK2",3
